1. 病患基本資訊表 - Patients

INSERT INTO Patients (
    PatientID,
    PatientName,
    PatientGender,
    PatientBirth,
    BloodType,
    PatientPhone,
    PatientAddress,
    PatientIdentityNumber,
    EmergencyName,
    EmergencyPhone,
    EmergencyRelation )
    VALUES
    (25525,
    'Taylor Emma',
    'F',
	str_to_date('20050402','%Y%m%d'),
    'O',
    '0970660917',
    'New Taipei City',
    'F230259',
    'Mother',
    'Taylor Olivia',
    '0925081592');


INSERT INTO Patients (
    PatientID,
    PatientName,
    PatientGender,
    PatientBirth,
    BloodType,
    PatientPhone,
    PatientAddress,
    PatientIdentityNumber,
    EmergencyName,
    EmergencyPhone,
    EmergencyRelation )
    VALUES
    (10342,
    'Smith Ethan',
    'M',
    str_to_date('20040715','%Y%m%d'),
    'B',
    '0918765432',
    'Tainan City',
    'A123456',
    'Father',
    'Smith David',
    '0934567890');



    INSERT INTO Patients (
    PatientID,
    PatientName,
    PatientGender,
    PatientBirth,
    BloodType,
    PatientPhone,
    PatientAddress,
    PatientIdentityNumber,
    EmergencyName,
    EmergencyPhone,
    EmergencyRelation )
    VALUES
    (12491,
    'Johnson Ava',
    'F',
	str_to_date('20031102','%Y%m%d'),
    'O',
    '0911122334',
    'Hualien City',
    'C345678',
    'Sister',
    'Johnson Grace',
    '0945678901');


INSERT INTO Patients (
    PatientID,
    PatientName,
    PatientGender,
    PatientBirth,
    BloodType,
    PatientPhone,
    PatientAddress,
    PatientIdentityNumber,
    EmergencyName,
    EmergencyPhone,
    EmergencyRelation )
    VALUES
    (13577,
    'Lee Noah',
    'M',
    str_to_date('20020930','%Y%m%d'),
    'AB',
    '0919988776',
    'Taichung City',
    'D456789',
    'Father',
    'Lee Daniel',
    '0956789012');


    INSERT INTO Patients (
    PatientID,
    PatientName,
    PatientGender,
    PatientBirth,
    BloodType,
    PatientPhone,
    PatientAddress,
    PatientIdentityNumber,
    EmergencyName,
    EmergencyPhone,
    EmergencyRelation )
    VALUES
    (14620,
    'Brown Mia',
    'F',
	str_to_date('20011225','%Y%m%d'),
    'O',
    '0912233445',
    'Kaohsiung City',
    'E567890',
    'Mother',
    'Brown Lily',
    '0967890123');


    INSERT INTO Patients (
    PatientID,
    PatientName,
    PatientGender,
    PatientBirth,
    BloodType,
    PatientPhone,
    PatientAddress,
    PatientIdentityNumber,
    EmergencyName,
    EmergencyPhone,
    EmergencyRelation )
    VALUES
    (15834,
    'Davis Liam',
    'M',
    str_to_date('20050618','%Y%m%d'),
    'A',
    '0913344556',
    'Yilan City',
    'F678901',
    'Father',
    'Davis Henry',
    '0978901234');


INSERT INTO Patients (
    PatientID,
    PatientName,
    PatientGender,
    PatientBirth,
    BloodType,
    PatientPhone,
    PatientAddress,
    PatientIdentityNumber,
    EmergencyName,
    EmergencyPhone,
    EmergencyRelation )
    VALUES
    (16988,
    'Wilson Isabella',
    'F',
	str_to_date('20040309','%Y%m%d'),
    'B',
    '0914455667',
    'Taipei City',
    'G789012',
    'Sister',
    'Wilson Emily',
    '0989012345');


    INSERT INTO Patients (
    PatientID,
    PatientName,
    PatientGender,
    PatientBirth,
    BloodType,
    PatientPhone,
    PatientAddress,
    PatientIdentityNumber,
    EmergencyName,
    EmergencyPhone,
    EmergencyRelation )
    VALUES
    (17241,
    'Martinez James',
    'M',
	str_to_date('20030821','%Y%m%d'),
    'AB',
    '0915566778',
    'Chiayi City',
    'H890123',
    'Brother',
    'Martinez Lucas',
    '0990123456');


    INSERT INTO Patients (
    PatientID,
    PatientName,
    PatientGender,
    PatientBirth,
    BloodType,
    PatientPhone,
    PatientAddress,
    PatientIdentityNumber,
    EmergencyName,
    EmergencyPhone,
    EmergencyRelation )
    VALUES
    (18395,
    'Anderson Charlotte',
    'F',
    str_to_date('20020530','%Y%m%d'),
    'O',
    '0916677889',
    'Nantou City',
    'I901234',
    'Mother',
    'Anderson Amelia',
    '0911234567');


    INSERT INTO Patients (
    PatientID,
    PatientName,
    PatientGender,
    PatientBirth,
    BloodType,
    PatientPhone,
    PatientAddress,
    PatientIdentityNumber,
    EmergencyName,
    EmergencyPhone,
    EmergencyRelation )
    VALUES
    (19462,
    'Thomas Benjamin',
    'M',
	str_to_date('20011010','%Y%m%d'),
    'O',
    '0917788990',
    'Miaoli City',
    'J012345',
    'Father',
    'Thomas William	',
    '0922345678');


    INSERT INTO Patients (
    PatientID,
    PatientName,
    PatientGender,
    PatientBirth,
    BloodType,
    PatientPhone,
    PatientAddress,
    PatientIdentityNumber,
    EmergencyName,
    EmergencyPhone,
    EmergencyRelation )
    VALUES
    (20513,
    'Jackson Harper',
    'F',
    str_to_date('20050101','%Y%m%d'), 
    'O',
    '0918899001',
    'Tainan City',
    'K123456',
    'Sister',
    'Jackson Ella',
    '0933456789');


    INSERT INTO Patients (
    PatientID,
    PatientName,
    PatientGender,
    PatientBirth,
    BloodType,
    PatientPhone,
    PatientAddress,
    PatientIdentityNumber,
    EmergencyName,
    EmergencyPhone,
    EmergencyRelation )
    VALUES
    (21674,
    'White Alexander',
    'M',
    str_to_date('20050214','%Y%m%d'), 
    'O',
    '0919900112',
    'Tainan City',
    'L234567',
    'Brother',
    'White Samuel',
    '0944567890');


    INSERT INTO Patients (
    PatientID,
    PatientName,
    PatientGender,
    PatientBirth,
    BloodType,
    PatientPhone,
    PatientAddress,
    PatientIdentityNumber,
    EmergencyName,
    EmergencyPhone,
    EmergencyRelation )
    VALUES
    (22735,
    'Harris Evelyn',
    'F',
	str_to_date('20030322','%Y%m%d'),  
    'AB',
    '0911011223',
    'Hualien City',
    'M345678',
    'Mother',
    'Harris Victoria',
    '0955678901');


    INSERT INTO Patients (
    PatientID,
    PatientName,
    PatientGender,
    PatientBirth,
    BloodType,
    PatientPhone,
    PatientAddress,
    PatientIdentityNumber,
    EmergencyName,
    EmergencyPhone,
    EmergencyRelation )
    VALUES
    (23896,
    'Clark Logan',
    'M',
    str_to_date('20020430','%Y%m%d'),
    'A',
    '0912122334',
    'Taichung City',
    'N456789',
    'Father',
    'Clark Joseph',
    '0966789012');


    INSERT INTO Patients (
    PatientID,
    PatientName,
    PatientGender,
    PatientBirth,
    BloodType,
    PatientPhone,
    PatientAddress,
    PatientIdentityNumber,
    EmergencyName,
    EmergencyPhone,
    EmergencyRelation )
    VALUES
    (24957,
    'Lewis Abigail',
    'F',
    str_to_date('20010608','%Y%m%d'), 
    'B',
    '0913233445',
    'Kaohsiung City',
    'O567890',
    'Sister',
    'Lewis Natalie',
    '0977890123');


    INSERT INTO Patients (
    PatientID,
    PatientName,
    PatientGender,
    PatientBirth,
    BloodType,
    PatientPhone,
    PatientAddress,
    PatientIdentityNumber,
    EmergencyName,
    EmergencyPhone,
    EmergencyRelation )
    VALUES
    (26018,
    'Robinson Jacob',
    'M',
	str_to_date('20050706','%Y%m%d'), 
    'B',
    '0914344556',
    'Yilan City',
    'P678901',
    'Father',
    'Robinson Ryan',
    '0988901234');


    INSERT INTO Patients (
    PatientID,
    PatientName,
    PatientGender,
    PatientBirth,
    BloodType,
    PatientPhone,
    PatientAddress,
    PatientIdentityNumber,
    EmergencyName,
    EmergencyPhone,
    EmergencyRelation )
    VALUES
    (27179,
    'Walker Sofia',
    'F',
    str_to_date('20040826','%Y%m%d'),
    'O',
    '0915455667',
    'Taipei City',
    'Q789012',
    'Mother',
    'Walker Hannah',
    '0999012345');


    INSERT INTO Patients (
    PatientID,
    PatientName,
    PatientGender,
    PatientBirth,
    BloodType,
    PatientPhone,
    PatientAddress,
    PatientIdentityNumber,
    EmergencyName,
    EmergencyPhone,
    EmergencyRelation )
    VALUES
    (28340,
    'Young Daniel',
    'M',
    str_to_date('20030916','%Y%m%d'),
    'A',
    '0916566778',
    'Chiayi City',
    'R890123',
    'Father',
    'Young Matthew',
    '0910123456');


    INSERT INTO Patients (
    PatientID,
    PatientName,
    PatientGender,
    PatientBirth,
    BloodType,
    PatientPhone,
    PatientAddress,
    PatientIdentityNumber,
    EmergencyName,
    EmergencyPhone,
    EmergencyRelation )
    VALUES
    (29401,
    'Allen Scarlett',
    'F',
    str_to_date('20021112','%Y%m%d'),
    'AB',
    '0917677889',
    'Miaoli City',
    'S901234',
    'Sister',
    'Allen Zoe',
    '0921234567');


INSERT INTO Patients (
    PatientID,
    PatientName,
    PatientGender,
    PatientBirth,
    BloodType,
    PatientPhone,
    PatientAddress,
    PatientIdentityNumber,
    EmergencyName,
    EmergencyPhone,
    EmergencyRelation )
    VALUES
    (30562,
    'King William',
    'M',
    str_to_date('19991222','%Y%m%d'),
    'O',
    '0918788990',
    'Nantou City',
    'T012345',
    'Father',
    'Scott George',
    '0954567890');


    INSERT INTO Patients (
    PatientID,
    PatientName,
    PatientGender,
    PatientBirth,
    BloodType,
    PatientPhone,
    PatientAddress,
    PatientIdentityNumber,
    EmergencyName,
    EmergencyPhone,
    EmergencyRelation )
    VALUES
    (34528,
    'Nelson Jack',
    'M',
    str_to_date('20050517','%Y%m%d'),
    'A',
    '0914344556',
    'Yilan City',
    'Z678901',
    'Father',
    'Nelson Charles',
    '0998901234');


INSERT INTO Patients (
    PatientID,
    PatientName,
    PatientGender,
    PatientBirth,
    BloodType,
    PatientPhone,
    PatientAddress,
    PatientIdentityNumber,
    EmergencyName,
    EmergencyPhone,
    EmergencyRelation )
    VALUES
    (34689,
    'Hill Zoey',
    'F',
    str_to_date('20080528','%Y%m%d'), 
    'A',
    '0915455667',
    'New Taipei City',
    'A789012',
    'Father',
    'Hill Hack',
    '0919012345');


    INSERT INTO Patients (
    PatientID,
    PatientName,
    PatientGender,
    PatientBirth,
    BloodType,
    PatientPhone,
    PatientAddress,
    PatientIdentityNumber,
    EmergencyName,
    EmergencyPhone,
    EmergencyRelation )
    VALUES
    (34850,
    'Ramirez Luke',
    'M',
    str_to_date('20030719','%Y%m%d'), 
    'AB',
    '0916566778',
    'New Taipei City',
    'B890123',
    'Mother',
    'Ramirez Sarah',
    '0920123456');


    INSERT INTO Patients (
    PatientID,
    PatientName,
    PatientGender,
    PatientBirth,
    BloodType,
    PatientPhone,
    PatientAddress,
    PatientIdentityNumber,
    EmergencyName,
    EmergencyPhone,
    EmergencyRelation )
    VALUES
    (34911,
    'Mitchell Isaac',
    'M',
    str_to_date('20010920','%Y%m%d'), 
    'o',
    '0918788990',
    'Nantou City',
    'D012345',
    'Father',
    'Mitchell Tom',
    '0942345678');


    INSERT INTO Patients (
    PatientID,
    PatientName,
    PatientGender,
    PatientBirth,
    BloodType,
    PatientPhone,
    PatientAddress,
    PatientIdentityNumber,
    EmergencyName,
    EmergencyPhone,
    EmergencyRelation)
    VALUES
    (34999,
    'Campbell Aria',
    'F',
    str_to_date('20020831','%Y%m%d'), 
    'o',
    '0917677889',
    'Miaoli City',
    'C901234',
    'Mother',
    'Campbell Hazel',
    '0931234567');


    INSERT INTO Patients (
    PatientID,
    PatientName,
    PatientGender,
    PatientBirth,
    BloodType,
    PatientPhone,
    PatientAddress,
    PatientIdentityNumber,
    EmergencyName,
    EmergencyPhone,
    EmergencyRelation )
    VALUES
    (13284,
    'Morgan Olivia',
    'F',
    str_to_date('20040623','%Y%m%d'),
    'B',
    '0918234567',
    'Taichung City',
    'M456789',
    'Mother',
    'Morgan Lily',
    '0923456789');


    2. 就診/掛號記錄 - Appointments

INSERT INTO Appointments(
    APPOINTMENTID,
    PATIENTID,
    DEPARTMENTID,
    STAFFID,
    APPOINTMENTSTATUS,
    CHIEFCOMPLAINT,
    VISITDATE,
    VISITSTATUS
    )
    VALUES
    (1023,
    10342,
    023,
    35102,
    '已預約',
    '胸悶胸痛',
    str_to_date('20220819','%Y%m%d'),
    '已就診'
    );


    INSERT INTO Appointments(
    APPOINTMENTID,
    PATIENTID,
    DEPARTMENTID,
    STAFFID,
    APPOINTMENTSTATUS,
    CHIEFCOMPLAINT,
    VISITDATE,
    VISITSTATUS
    )
    VALUES
    (1056,
    12491,
    001,
    36215,
    '已完成',
    '癲癇發作',
    str_to_date('20221226','%Y%m%d'),
    '已就診'
    );


    INSERT INTO Appointments(
    APPOINTMENTID,
    PATIENTID,
    DEPARTMENTID,
    STAFFID,
    APPOINTMENTSTATUS,
    CHIEFCOMPLAINT,
    VISITDATE,
    VISITSTATUS
    )
    VALUES
    (1098,
    13577,
    006,
    38541,
    '已預約',
    '腫瘤評估',
    str_to_date('20250921','%Y%m%d'),
    '未到診'
    );


    INSERT INTO Appointments(
    APPOINTMENTID,
    PATIENTID,
    DEPARTMENTID,
    STAFFID,
    APPOINTMENTSTATUS,
    CHIEFCOMPLAINT,
    VISITDATE,
    VISITSTATUS
    )
    VALUES
    (1132,
    14620,
    008,
    39673,
    '已取消',
    '安排核磁共診檢查',
    str_to_date('20220219','%Y%m%d'),
    '已改期'
    );


    INSERT INTO Appointments(
    APPOINTMENTID,
    PATIENTID,
    DEPARTMENTID,
    STAFFID,
    APPOINTMENTSTATUS,
    CHIEFCOMPLAINT,
    VISITDATE,
    VISITSTATUS
    )
    VALUES
    (1175,
    15834,
    004,
    37488,
    '已完成',
    '小兒發燒',
    str_to_date('20230628','%Y%m%d'),
    '已就診'
    );


    INSERT INTO Appointments(
    APPOINTMENTID,
    PATIENTID,
    DEPARTMENTID,
    STAFFID,
    APPOINTMENTSTATUS,
    CHIEFCOMPLAINT,
    VISITDATE,
    VISITSTATUS
    )
    VALUES
    (1209,
    16988,
    010,
    40756,
    '已預約',
    '急性腹痛',
	str_to_date('20231111','%Y%m%d'),
    '已就診'
    );


    INSERT INTO Appointments(
    APPOINTMENTID,
    PATIENTID,
    DEPARTMENTID,
    STAFFID,
    APPOINTMENTSTATUS,
    CHIEFCOMPLAINT,
    VISITDATE,
    VISITSTATUS
    )
    VALUES
    (1244,
    17241,
    012,
    41839,
    '已完成',
    '皮膚紅疹',
    str_to_date('20220705','%Y%m%d'),
    '已就診'
    );


    INSERT INTO Appointments(
    APPOINTMENTID,
    PATIENTID,
    DEPARTMENTID,
    STAFFID,
    APPOINTMENTSTATUS,
    CHIEFCOMPLAINT,
    VISITDATE,
    VISITSTATUS
    )
    VALUES
    (1287,
    18395,
    015,
    42922,
    '已預約',
    '焦慮情緒',
    str_to_date('20230324','%Y%m%d'),
    '未到診'
    );


    INSERT INTO Appointments(
    APPOINTMENTID,
    PATIENTID,
    DEPARTMENTID,
    STAFFID,
    APPOINTMENTSTATUS,
    CHIEFCOMPLAINT,
    VISITDATE,
    VISITSTATUS
    )
    VALUES
    (1321,
    19462,
    017,
    44005,
    '已完成',
    '產前檢查',
 str_to_date('20230901','%Y%m%d'),
    '已就診'
    );


    INSERT INTO Appointments(
    APPOINTMENTID,
    PATIENTID,
    DEPARTMENTID,
    STAFFID,
    APPOINTMENTSTATUS,
    CHIEFCOMPLAINT,
    VISITDATE,
    VISITSTATUS
    )
    VALUES
    (1354,
    20513,
    019,
    45188,
    '已預約',
    '月經不規則',
    str_to_date('20240112','%Y%m%d'),
    '已就診'
    );


    INSERT INTO Appointments(
    APPOINTMENTID,
    PATIENTID,
    DEPARTMENTID,
    STAFFID,
    APPOINTMENTSTATUS,
    CHIEFCOMPLAINT,
    VISITDATE,
    VISITSTATUS
    )
    VALUES
    (1389,
    21674,
    027,
    47554,
    '已完成',
    '關節疼痛',
    str_to_date('20241125','%Y%m%d'),
    '已就診'
    );


    INSERT INTO Appointments(
    APPOINTMENTID,
    PATIENTID,
    DEPARTMENTID,
    STAFFID,
    APPOINTMENTSTATUS,
    CHIEFCOMPLAINT,
    VISITDATE,
    VISITSTATUS
    )
    VALUES
    (1423,
    22735,
    029,
    48737,
    '已取消',
    '胃食道逆流',
    str_to_date('20240716','%Y%m%d'),
    '已改期'
    );


    INSERT INTO Appointments(
    APPOINTMENTID,
    PATIENTID,
    DEPARTMENTID,
    STAFFID,
    APPOINTMENTSTATUS,
    CHIEFCOMPLAINT,
    VISITDATE,
    VISITSTATUS
    )
    VALUES
    (1456,
    23896,
    031,
    49920,
    '已預約',
    '腎功能檢查',
    str_to_date('20250402','%Y%m%d'),
    '已就診'
    );


    INSERT INTO Appointments(
    APPOINTMENTID,
    PATIENTID,
    DEPARTMENTID,
    STAFFID,
    APPOINTMENTSTATUS,
    CHIEFCOMPLAINT,
    VISITDATE,
    VISITSTATUS
    )
    VALUES
    (1490,
    24957,
    034,
    51103,
    '已完成',
    '頻尿',
    str_to_date('20230521','%Y%m%d'),
    '已就診'
    );


    INSERT INTO Appointments(
    APPOINTMENTID,
    PATIENTID,
    DEPARTMENTID,
    STAFFID,
    APPOINTMENTSTATUS,
    CHIEFCOMPLAINT,
    VISITDATE,
    VISITSTATUS
    )
    VALUES
    (1524,
    26018,
    036,
    52286,
    '已預約',
    '呼吸困難',
	str_to_date('20221222','%Y%m%d'),
    '未到診'
    );


    INSERT INTO Appointments(
    APPOINTMENTID,
    PATIENTID,
    DEPARTMENTID,
    STAFFID,
    APPOINTMENTSTATUS,
    CHIEFCOMPLAINT,
    VISITDATE,
    VISITSTATUS
    )
    VALUES
    (1557,
    27179,
    038,
    53469,
    '已完成',
    '關節腫脹',
    str_to_date('20240414','%Y%m%d'),
    '已就診'
    );


    INSERT INTO Appointments(
    APPOINTMENTID,
    PATIENTID,
    DEPARTMENTID,
    STAFFID,
    APPOINTMENTSTATUS,
    CHIEFCOMPLAINT,
    VISITDATE,
    VISITSTATUS
    )
    VALUES
    (1591,
    28340,
    040,
    54652,
    '已預約',
    '疑似感染',
	str_to_date('20240312','%Y%m%d'),
    '已就診'
    );


    INSERT INTO Appointments(
    APPOINTMENTID,
    PATIENTID,
    DEPARTMENTID,
    STAFFID,
    APPOINTMENTSTATUS,
    CHIEFCOMPLAINT,
    VISITDATE,
    VISITSTATUS
    )
    VALUES
    (1624,
    29401,
    042,
    55835,
    '已完成',
    '術後復健',
	str_to_date('20240128','%Y%m%d'),
    '已就診'
    );


    INSERT INTO Appointments(
    APPOINTMENTID,
    PATIENTID,
    DEPARTMENTID,
    STAFFID,
    APPOINTMENTSTATUS,
    CHIEFCOMPLAINT,
    VISITDATE,
    VISITSTATUS
    )
    VALUES
    (1658,
    30562,
    045,
    57018,
    '已預約',
    '貧血檢查',
	str_to_date('20230618','%Y%m%d'),
    '未到診'
    );


    INSERT INTO Appointments(
    APPOINTMENTID,
    PATIENTID,
    DEPARTMENTID,
    STAFFID,
    APPOINTMENTSTATUS,
    CHIEFCOMPLAINT,
    VISITDATE,
    VISITSTATUS
    )
    VALUES
    (1692,
    34528,
    047,
    58101,
    '已完成',
    '病理報告諮詢',
    str_to_date('20250804','%Y%m%d'),
    '已就診'
    );


    INSERT INTO Appointments(
    APPOINTMENTID,
    PATIENTID,
    DEPARTMENTID,
    STAFFID,
    APPOINTMENTSTATUS,
    CHIEFCOMPLAINT,
    VISITDATE,
    VISITSTATUS
    )
    VALUES
    (1725,
    34689,
    049,
    59284,
    '已預約',
    '手術前麻醉評估',
    str_to_date('20220303','%Y%m%d'),
    '已就診'
    );


    INSERT INTO Appointments(
    APPOINTMENTID,
    PATIENTID,
    DEPARTMENTID,
    STAFFID,
    APPOINTMENTSTATUS,
    CHIEFCOMPLAINT,
    VISITDATE,
    VISITSTATUS
    )
    VALUES
    (1759,
    34850,
    051,
    60467,
    '已完成',
    '視力模糊',
    str_to_date('20220313','%Y%m%d'),
    '已就診'
    );


    INSERT INTO Appointments(
    APPOINTMENTID,
    PATIENTID,
    DEPARTMENTID,
    STAFFID,
    APPOINTMENTSTATUS,
    CHIEFCOMPLAINT,
    VISITDATE,
    VISITSTATUS
    )
    VALUES
    (1793,
    34911,
    053,
    61650,
    '已取消',
    '喉嚨痛',
	str_to_date('20241027','%Y%m%d'),
    '已改期'
    );


     INSERT INTO Appointments(
    APPOINTMENTID,
    PATIENTID,
    DEPARTMENTID,
    STAFFID,
    APPOINTMENTSTATUS,
    CHIEFCOMPLAINT,
    VISITDATE,
    VISITSTATUS
    )
    VALUES
    (1826,
    13284,
    055,
    62833,
    '已預約',
    '健康檢查',
    str_to_date('20241005','%Y%m%d'),
    '已就診'
    );


    INSERT INTO Appointments(
    APPOINTMENTID,
    PATIENTID,
    DEPARTMENTID,
    STAFFID,
    APPOINTMENTSTATUS,
    CHIEFCOMPLAINT,
    VISITDATE,
    VISITSTATUS
    )
    VALUES
    (1860,
    34999,
    008,
    39673,
    '已完成',
    '電腦斷層追蹤檢查',
    str_to_date('20250902','%Y%m%d'),
    '已就診'
    );


3. 醫護人員資訊表 - Staff

INSERT INTO Staff (
    StaffID,
    DepartmentID,
    StaffName,
    StaffGender,
    StaffRole,
    StaffLicnesenum,
    StaffPhone,
    YearsOfExperience)
    VALUES
    (35102,
    '023',
    'Carter Emily',
    'F',
    'Nurse',
    '71234',
    '0912345678',
    '5'); 


    INSERT INTO Staff (
    StaffID,
    DepartmentID,
    StaffName,
    StaffGender,
    StaffRole,
    StaffLicnesenum,
    StaffPhone,
    YearsOfExperience)
    VALUES
    (36215,
    '001',
    'Smith James',
    'M',
    'Doctor',
    '85912',
    '0918765432',
    '1');


    INSERT INTO Staff (
    StaffID,
    DepartmentID,
    StaffName,
    StaffGender,
    StaffRole,
    StaffLicnesenum,
    StaffPhone,
    YearsOfExperience)
    VALUES
    (38541,
    '006',
    'Lee William',
    'M',
    'Technician',
    '79832',
    '0919988776',
    '1');


    INSERT INTO Staff (
    StaffID,
    DepartmentID,
    StaffName,
    StaffGender,
    StaffRole,
    StaffLicnesenum,
    StaffPhone,
    YearsOfExperience)
    VALUES
    (39673,
    '008',
    'Johnson Olivia',
    'F',
    'Therapist',
    '93045',
    '0911122334',
    '3');


    INSERT INTO Staff (
    StaffID,
    DepartmentID,
    StaffName,
    StaffGender,
    StaffRole,
    StaffLicnesenum,
    StaffPhone,
    YearsOfExperience)
    VALUES
    (37488,
    '004',
    'Brown Sophia',
    'F',
    'Nurse',
    '81204',
    '0912233445',
    '5');


    INSERT INTO Staff (
    StaffID,
    DepartmentID,
    StaffName,
    StaffGender,
    StaffRole,
    StaffLicnesenum,
    StaffPhone,
    YearsOfExperience)
    VALUES
    (40756,
    '010',
    'Davis Benjamin',
    'M',
    'Doctor',
    '94567',
    '0913344556',
    '3');


INSERT INTO Staff (
    StaffID,
    DepartmentID,
    StaffName,
    StaffGender,
    StaffRole,
    StaffLicnesenum,
    StaffPhone,
    YearsOfExperience)
    VALUES
    (41839,
    '012',
    'Wilson Isabella',
    'F',
    'Pharmacist',
    '97890',
    '0914455667',
    '3');


    INSERT INTO Staff (
    StaffID,
    DepartmentID,
    StaffName,
    StaffGender,
    StaffRole,
    StaffLicnesenum,
    StaffPhone,
    YearsOfExperience)
    VALUES
    (42922,
    '015',
    'Martinez Noah',
    'M',
    'Nurse',
    '82345',
    '0915566778',
    '1');


INSERT INTO Staff (
    StaffID,
    DepartmentID,
    StaffName,
    StaffGender,
    StaffRole,
    StaffLicnesenum,
    StaffPhone,
    YearsOfExperience)
    VALUES
    (44005,
    '017',
    'Anderson Mia',
    'F',
    'Therapist',
    '86789',
    '0916677889',
    '4');


    INSERT INTO Staff (
    StaffID,
    DepartmentID,
    StaffName,
    StaffGender,
    StaffRole,
    StaffLicnesenum,
    StaffPhone,
    YearsOfExperience)
    VALUES
    (45188,
    '019',
    'Thomas Logan',
    'M',
    'Doctor',
    '89012',
    '0917788990',
    '7');


    INSERT INTO Staff (
    StaffID,
    DepartmentID,
    StaffName,
    StaffGender,
    StaffRole,
    StaffLicnesenum,
    StaffPhone,
    YearsOfExperience)
    VALUES
    (46371,
    '025',
    'Jackson Lily',
    'F',
    'Nurse',
    '83456',
    '0918899001',
    '7');


    INSERT INTO Staff (
    StaffID,
    DepartmentID,
    StaffName,
    StaffGender,
    StaffRole,
    StaffLicnesenum,
    StaffPhone,
    YearsOfExperience)
    VALUES
    (47554,
    '027',
    'White Daniel',
    'M',
    'Technician',
    '97891',
    '0919900112',
    '2');


    INSERT INTO Staff (
    StaffID,
    DepartmentID,
    StaffName,
    StaffGender,
    StaffRole,
    StaffLicnesenum,
    StaffPhone,
    YearsOfExperience)
    VALUES
    (48737,
    '029',
    'Harris Grace',
    'F',
    'Pharmacist',
    '81234',
    '0911011223',
    '1');


INSERT INTO Staff (
    StaffID,
    DepartmentID,
    StaffName,
    StaffGender,
    StaffRole,
    StaffLicnesenum,
    StaffPhone,
    YearsOfExperience)
    VALUES
    (49920,
    '031',
    'Clark Henry',
    'M',
    'Doctor',
    '95678',
    '0912122334',
    '3');


    INSERT INTO Staff (
    StaffID,
    DepartmentID,
    StaffName,
    StaffGender,
    StaffRole,
    StaffLicnesenum,
    StaffPhone,
    YearsOfExperience)
    VALUES
    (51103,
    '034',
    'Lewis Ava',
    'F',
    'Nurse',
    '79012',
    '0913233445',
    '6');


    INSERT INTO Staff (
    StaffID,
    DepartmentID,
    StaffName,
    StaffGender,
    StaffRole,
    StaffLicnesenum,
    StaffPhone,
    YearsOfExperience)
    VALUES
    (52286,
    '036',
    'Robinson Jack',
    'M',
    'Therapist',
    '84321',
    '0914344556',
    '2');


    INSERT INTO Staff (
    StaffID,
    DepartmentID,
    StaffName,
    StaffGender,
    StaffRole,
    StaffLicnesenum,
    StaffPhone,
    YearsOfExperience)
    VALUES
    (53469,
    '038',
    'Walker Ella',
    'F',
    'Nurse',
    '98765',
    '0915455667',
    '2');


    INSERT INTO Staff (
    StaffID,
    DepartmentID,
    StaffName,
    StaffGender,
    StaffRole,
    StaffLicnesenum,
    StaffPhone,
    YearsOfExperience)
    VALUES
    (54652,
    '040',
    'Young David',
    'M',
    'Doctor',
    '82109',
    '0916566778',
    '8');


INSERT INTO Staff (
    StaffID,
    DepartmentID,
    StaffName,
    StaffGender,
    StaffRole,
    StaffLicnesenum,
    StaffPhone,
    YearsOfExperience)
    VALUES
    (55835,
    '042',
    'Allen Scarlett',
    'F',
    'Technician',
    '96543',
    '0917677889',
    '2');


INSERT INTO Staff (
    StaffID,
    DepartmentID,
    StaffName,
    StaffGender,
    StaffRole,
    StaffLicnesenum,
    StaffPhone,
    YearsOfExperience)
    VALUES
    (57018,
    '045',
    'King Andrew',
    'M',
    'Pharmacist',
    '80987',
    '0918788990',
    '3');


    INSERT INTO Staff (
    StaffID,
    DepartmentID,
    StaffName,
    StaffGender,
    StaffRole,
    StaffLicnesenum,
    StaffPhone,
    YearsOfExperience)
    VALUES
    (58101,
    '047',
    'Wright Zoe',
    'F',
    'Nurse',
    '87654',
    '0919899001',
    '1');


    INSERT INTO Staff (
    StaffID,
    DepartmentID,
    StaffName,
    StaffGender,
    StaffRole,
    StaffLicnesenum,
    StaffPhone,
    YearsOfExperience)
    VALUES
    (59284,
    '049',
    'Scott Matthew',
    'M',
    'Doctor',
    '83210',
    '0910900112',
    '1');


    INSERT INTO Staff (
    StaffID,
    DepartmentID,
    StaffName,
    StaffGender,
    StaffRole,
    StaffLicnesenum,
    StaffPhone,
    YearsOfExperience)
    VALUES
    (60467,
    '051',
    'Green Nora',
    'F',
    'Therapist',
    '96543',
    '0911011223',
    '3');


    INSERT INTO Staff (
    StaffID,
    DepartmentID,
    StaffName,
    StaffGender,
    StaffRole,
    StaffLicnesenum,
    StaffPhone,
    YearsOfExperience)
    VALUES
    (61650,
    '053',
    'Adams Claire',
    'F',
    'Pharmacist',
    '94321',
    '0913233445',
    '2');


    INSERT INTO Staff (
    StaffID,
    DepartmentID,
    StaffName,
    StaffGender,
    StaffRole,
    StaffLicnesenum,
    StaffPhone,
    YearsOfExperience)
    VALUES
    (62833,
    '055',
    'Baker Thomas',
    'M',
    'Nurse',
    '98765',
    '0912122334',
    '5');


    4. 時間排程表 - Schedules

    INSERT INTO Schedules(
    SCHEDULEID,
    STAFFID,
    DEPARTMENTID,
    SCHEDULEDATE,
    TIMESLOT
    )
    VALUES
    (7012,
    35102,
    023,
    str_to_date('20250924','%Y%m%d'),
    '早診');


    INSERT INTO Schedules(
    SCHEDULEID,
    STAFFID,
    DEPARTMENTID,
    SCHEDULEDATE,
    TIMESLOT
    )
    VALUES
    (7045,
    36215,
    001,
    str_to_date('20250925','%Y%m%d'),
    '午診');


    INSERT INTO Schedules(
    SCHEDULEID,
    STAFFID,
    DEPARTMENTID,
    SCHEDULEDATE,
    TIMESLOT
    )
    VALUES
    (7083,
    38541,
    006,
    str_to_date('20250925','%Y%m%d'),
    '晚診');


    INSERT INTO Schedules(
    SCHEDULEID,
    STAFFID,
    DEPARTMENTID,
    SCHEDULEDATE,
    TIMESLOT
    )
    VALUES
    (7127,
    39673,
    008,
    str_to_date('20250926','%Y%m%d'),
    '早診');


INSERT INTO Schedules(
    SCHEDULEID,
    STAFFID,
    DEPARTMENTID,
    SCHEDULEDATE,
    TIMESLOT
    )
    VALUES
    (7159,
    37488,
    004,
    str_to_date('20250927','%Y%m%d'),
    '午診');


INSERT INTO Schedules(
    SCHEDULEID,
    STAFFID,
    DEPARTMENTID,
    SCHEDULEDATE,
    TIMESLOT
    )
    VALUES
    (7194,
    40756,
    010,
    str_to_date('20250927','%Y%m%d'),
    '早診');


    INSERT INTO Schedules(
    SCHEDULEID,
    STAFFID,
    DEPARTMENTID,
    SCHEDULEDATE,
    TIMESLOT
    )
    VALUES
    (7231,
    41839,
    012,
    str_to_date('20250925','%Y%m%d'),
    '晚診');


    INSERT INTO Schedules(
    SCHEDULEID,
    STAFFID,
    DEPARTMENTID,
    SCHEDULEDATE,
    TIMESLOT
    )
    VALUES
    (7268,
    42922,
    015,
    str_to_date('20250928','%Y%m%d'),
    '午診');


    INSERT INTO Schedules(
    SCHEDULEID,
    STAFFID,
    DEPARTMENTID,
    SCHEDULEDATE,
    TIMESLOT
    )
    VALUES
    (7302,
    44005,
    017,
    str_to_date('20250929','%Y%m%d'),
    '晚診');


    INSERT INTO Schedules(
    SCHEDULEID,
    STAFFID,
    DEPARTMENTID,
    SCHEDULEDATE,
    TIMESLOT
    )
    VALUES
    (7337,
    45188,
    019,
    str_to_date('20250930','%Y%m%d'),
    '早診');


    INSERT INTO Schedules(
    SCHEDULEID,
    STAFFID,
    DEPARTMENTID,
    SCHEDULEDATE,
    TIMESLOT
    )
    VALUES
    (7374,
    47554,
    027,
    str_to_date('20250929','%Y%m%d'),
    '午診');


    INSERT INTO Schedules(
    SCHEDULEID,
    STAFFID,
    DEPARTMENTID,
    SCHEDULEDATE,
    TIMESLOT
    )
    VALUES
    (7409,
    48737,
    029,
    str_to_date('20250930','%Y%m%d'),
    '午診');


    INSERT INTO Schedules(
    SCHEDULEID,
    STAFFID,
    DEPARTMENTID,
    SCHEDULEDATE,
    TIMESLOT
    )
    VALUES
    (7446,
    49920,
    031,
    str_to_date('20250930','%Y%m%d'),
    '早診');


    INSERT INTO Schedules(
    SCHEDULEID,
    STAFFID,
    DEPARTMENTID,
    SCHEDULEDATE,
    TIMESLOT
    )
    VALUES
    (7483,
    51103,
    034,
    str_to_date('20251002','%Y%m%d'),
    '午診');


INSERT INTO Schedules(
    SCHEDULEID,
    STAFFID,
    DEPARTMENTID,
    SCHEDULEDATE,
    TIMESLOT
    )
    VALUES
    (7517,
    52286,
    036,
    str_to_date('20251002','%Y%m%d'),
    '晚診');


    INSERT INTO Schedules(
    SCHEDULEID,
    STAFFID,
    DEPARTMENTID,
    SCHEDULEDATE,
    TIMESLOT
    )
    VALUES
    (7552,
    53469,
    038,
    str_to_date('20251001','%Y%m%d'),
    '早診');


    INSERT INTO Schedules(
    SCHEDULEID,
    STAFFID,
    DEPARTMENTID,
    SCHEDULEDATE,
    TIMESLOT
    )
    VALUES
    (7589,
    54652,
    040,
    str_to_date('20251003','%Y%m%d'),
    '午診');



INSERT INTO Schedules(
    SCHEDULEID,
    STAFFID,
    DEPARTMENTID,
    SCHEDULEDATE,
    TIMESLOT
    )
    VALUES
    (7624,
    55835,
    042,
    str_to_date('20251005','%Y%m%d'),
    '晚診');


    INSERT INTO Schedules(
    SCHEDULEID,
    STAFFID,
    DEPARTMENTID,
    SCHEDULEDATE,
    TIMESLOT
    )
    VALUES
    (7659,
    57018,
    045,
    str_to_date('20251004','%Y%m%d'),
    '早診');


     INSERT INTO Schedules(
    SCHEDULEID,
    STAFFID,
    DEPARTMENTID,
    SCHEDULEDATE,
    TIMESLOT
    )
    VALUES
    (7694,
    58101,
    047,
    str_to_date('20251002','%Y%m%d'),
    '晚診');


    INSERT INTO Schedules(
    SCHEDULEID,
    STAFFID,
    DEPARTMENTID,
    SCHEDULEDATE,
    TIMESLOT
    )
    VALUES
    (7729,
    59284,
    049,
    str_to_date('20250929','%Y%m%d'),
    '午診');


    INSERT INTO Schedules(
    SCHEDULEID,
    STAFFID,
    DEPARTMENTID,
    SCHEDULEDATE,
    TIMESLOT
    )
    VALUES
    (7764,
    60467,
    051,
    str_to_date('20250928','%Y%m%d'),
    '晚診');


    INSERT INTO Schedules(
    SCHEDULEID,
    STAFFID,
    DEPARTMENTID,
    SCHEDULEDATE,
    TIMESLOT
    )
    VALUES
    (7799,
    61650,
    053,
    str_to_date('20250930','%Y%m%d'),
    '午診');


    INSERT INTO Schedules(
    SCHEDULEID,
    STAFFID,
    DEPARTMENTID,
    SCHEDULEDATE,
    TIMESLOT
    )
    VALUES
    (7834,
    62833,
    055,
    str_to_date('20251002','%Y%m%d'),
    '早診');


    5. 科別表 - Departments

    INSERT INTO Departments(
    DepartmentID,
    DepartmentName,
    DepartmentDescription)
    VALUES
    (023,
    'Cardiology',
    '負責心臟疾病的診斷與治療');


INSERT INTO Departments(
    DepartmentID,
    DepartmentName,
    DepartmentDescription)
    VALUES
    (001,
    'Neurology',
    '處理神經系統相關疾病');


INSERT INTO Departments(
    DepartmentID,
    DepartmentName,
    DepartmentDescription)
    VALUES
    (004,
    'Pediatrics',
    '提供兒童健康照護與疾病治療');


    INSERT INTO Departments(
    DepartmentID,
    DepartmentName,
    DepartmentDescription)
    VALUES
    (006,
    'Oncology',
    '專門治療各類癌症');


    INSERT INTO Departments(
    DepartmentID,
    DepartmentName,
    DepartmentDescription)
    VALUES
    (008,
    'Radiology',
    '進行影像檢查如X光、MRI等');


    INSERT INTO Departments(
    DepartmentID,
    DepartmentName,
    DepartmentDescription)
    VALUES
    (010,
    'Emergency Medicine',
    '處理急診病患與緊急醫療狀況');


    INSERT INTO Departments(
    DepartmentID,
    DepartmentName,
    DepartmentDescription)
    VALUES
    (012,
    'Dermatology',
    '治療皮膚、毛髮與指甲相關問題');


    INSERT INTO Departments(
    DepartmentID,
    DepartmentName,
    DepartmentDescription)
    VALUES
    (015,
    'Psychiatry',
    '提供心理健康與精神疾病治療');


    INSERT INTO Departments(
    DepartmentID,
    DepartmentName,
    DepartmentDescription)
    VALUES
    (017,
    'Obstetrics',
    '負責孕婦照護與分娩相關醫療');


INSERT INTO Departments(
    DepartmentID,
    DepartmentName,
    DepartmentDescription)
    VALUES
    (019,
    'Gynecology',
    '女性生殖系統疾病診斷與治療');


    INSERT INTO Departments(
    DepartmentID,
    DepartmentName,
    DepartmentDescription)
    VALUES
    (025,
    'Orthopedics',
    '骨骼與關節疾病的診斷與手術治療');


    INSERT INTO Departments(
    DepartmentID,
    DepartmentName,
    DepartmentDescription)
    VALUES
    (027,
    'Urology',
    '處理泌尿系統與男性生殖器相關疾病');


    INSERT INTO Departments(
    DepartmentID,
    DepartmentName,
    DepartmentDescription)
    VALUES
    (029,
    'Gastroenterology',
    '專注於腸胃道疾病的診斷與治療');


INSERT INTO Departments(
    DepartmentID,
    DepartmentName,
    DepartmentDescription)
    VALUES
    (031,
    'Nephrology',
    '腎臟疾病的診斷與長期照護');
    

    INSERT INTO Departments(
    DepartmentID,
    DepartmentName,
    DepartmentDescription)
    VALUES
    (034,
    'Endocrinology',
    '治療內分泌系統疾病如糖尿病、甲狀腺問題');


INSERT INTO Departments(
    DepartmentID,
    DepartmentName,
    DepartmentDescription)
    VALUES
    (036,
    'Pulmonology',
    '處理肺部與呼吸系統疾病');


 INSERT INTO Departments(
    DepartmentID,
    DepartmentName,
    DepartmentDescription)
    VALUES
    (038,
    'Rheumatology',
    '治療關節炎與自體免疫疾病');


INSERT INTO Departments(
    DepartmentID,
    DepartmentName,
    DepartmentDescription)
    VALUES
    (040,
    'Infectious Diseases',
    '專門處理傳染性疾病與防疫');


    INSERT INTO Departments(
    DepartmentID,
    DepartmentName,
    DepartmentDescription)
    VALUES
    (042,
    'Rehabilitation',
    '提供復健治療與功能恢復訓練');


    INSERT INTO Departments(
    DepartmentID,
    DepartmentName,
    DepartmentDescription)
    VALUES
    (045,
    'Hematology',
    '血液疾病的診斷與治療');


INSERT INTO Departments(
    DepartmentID,
    DepartmentName,
    DepartmentDescription)
    VALUES
    (047,
    'Pathology',
    '進行病理檢查與疾病診斷支援');


    INSERT INTO Departments(
    DepartmentID,
    DepartmentName,
    DepartmentDescription)
    VALUES
    (049,
    'Anesthesiology',
    '負責麻醉與疼痛控制');


    INSERT INTO Departments(
    DepartmentID,
    DepartmentName,
    DepartmentDescription)
    VALUES
    (051,
    'Ophthalmology',
    '眼科疾病診斷與視力治療');


    INSERT INTO Departments(
    DepartmentID,
    DepartmentName,
    DepartmentDescription)
    VALUES
    (053,
    'Otolaryngology',
    '耳鼻喉相關疾病的診斷與治療');


    INSERT INTO Departments(
    DepartmentID,
    DepartmentName,
    DepartmentDescription)
    VALUES
    (055,
    'Family Medicine',
    '提供全人照護與家庭健康管理');


    6. 住院紀錄表 - HospitalizationRecords

    INSERT INTO hospitalizationrecords(
    HospitalizationID,
    AppointmentID,
    DepartmentID,
    StaffID,
    AdmissionDate,
    LengthOfStay,
    ExpectedDischargeDate,
    ActualDischargeDate,
    WardArea,
    RoomNum,
    BedNum,
    AdmissionDiagnosis,
    DischargeDiagnosis,
    HospitalizationStatus,
    CreateTime,
    DischargeSummary,
    HospitalizationNotes
    )
    VALUES
    (100501,
    1056,
    001,
    36215,
    str_to_date('20250903','%Y%m%d'),
    6,
    str_to_date('20250909','%Y%m%d'),
    str_to_date('20250909','%Y%m%d'),
    'A07',
    'B05',
    'C18',
    '癲癇發作',
    '症狀穩定，持續服藥',
    '已出院',
    str_to_date('20250902','%Y%m%d'),
    '建議神經科門診追蹤',
    '注意作息與藥物依從性'
    );


    INSERT INTO hospitalizationrecords(
    HospitalizationID,
    AppointmentID,
    DepartmentID,
    StaffID,
    AdmissionDate,
    LengthOfStay,
    ExpectedDischargeDate,
    ActualDischargeDate,
    WardArea,
    RoomNum,
    BedNum,
    AdmissionDiagnosis,
    DischargeDiagnosis,
    HospitalizationStatus,
    CreateTime,
    DischargeSummary,
    HospitalizationNotes
    )
    VALUES
    (100502,
    1098,
    006,
    38541,
    str_to_date('20250905','%Y%m%d'),
    5,
    str_to_date('20250910','%Y%m%d'),
    str_to_date('20250910','%Y%m%d'),
    'A12',
    'B19',
    'C33',
    '腫瘤評估',
    '無惡性病變，門診追蹤',
    '已出院',
	str_to_date('20250904','%Y%m%d'),
    '建議定期影像檢查',
    '注意身體變化'
    );


    INSERT INTO hospitalizationrecords(
    HospitalizationID,
    AppointmentID,
    DepartmentID,
    StaffID,
    AdmissionDate,
    LengthOfStay,
    ExpectedDischargeDate,
    ActualDischargeDate,
    WardArea,
    RoomNum,
    BedNum,
    AdmissionDiagnosis,
    DischargeDiagnosis,
    HospitalizationStatus,
    CreateTime,
    DischargeSummary,
    HospitalizationNotes
    )
    VALUES
    (100503,
    1175,
    010,
    40753,
    str_to_date('20250907','%Y%m%d'),
    4,
    str_to_date('20250911','%Y%m%d'),
    str_to_date('20250911','%Y%m%d'),
    'A19',
    'B08',
    'C27',
    '小兒發燒',
    '病毒感染緩解',
    '已出院',
    str_to_date('20250906','%Y%m%d'),
    '建議居家照護',
    '注意體溫與水分補充'
    );


    INSERT INTO hospitalizationrecords(
    HospitalizationID,
    AppointmentID,
    DepartmentID,
    StaffID,
    AdmissionDate,
    LengthOfStay,
    ExpectedDischargeDate,
    ActualDischargeDate,
    WardArea,
    RoomNum,
    BedNum,
    AdmissionDiagnosis,
    DischargeDiagnosis,
    HospitalizationStatus,
    CreateTime,
    DischargeSummary,
    HospitalizationNotes
    )
    VALUES
    (100504,
    1209,
    015,
    41905,
    str_to_date('20250909','%Y%m%d'),
    6,
    str_to_date('20250915','%Y%m%d'),
    str_to_date('20250915','%Y%m%d'),
    'A02',
    'B11',
    'C14',
    '急性腹痛',
    '急性腸胃炎痊癒',
    '已出院',
    str_to_date('20250908','%Y%m%d'),
    '飲食需注意',
    '建議清淡飲食與休息'
    );


    INSERT INTO hospitalizationrecords(
    HospitalizationID,
    AppointmentID,
    DepartmentID,
    StaffID,
    AdmissionDate,
    LengthOfStay,
    ExpectedDischargeDate,
    ActualDischargeDate,
    WardArea,
    RoomNum,
    BedNum,
    AdmissionDiagnosis,
    DischargeDiagnosis,
    HospitalizationStatus,
    CreateTime,
    DischargeSummary,
    HospitalizationNotes
    )
   VALUES
    (100505,
    1244,
    017,
    43056,
    str_to_date('20250911','%Y%m%d'),
    5,
    str_to_date('20250916','%Y%m%d'),
    str_to_date('20250916','%Y%m%d'),
    'A09',
    'B16',
    'C21',
    '皮膚紅疹',
    '輕度過敏反應改善',
    '已出院',
    str_to_date('20250910','%Y%m%d'),
    '無需住院追蹤',
    '建議避免接觸過敏源'
    );


    INSERT INTO hospitalizationrecords(
    HospitalizationID,
    AppointmentID,
    DepartmentID,
    StaffID,
    AdmissionDate,
    LengthOfStay,
    ExpectedDischargeDate,
    ActualDischargeDate,
    WardArea,
    RoomNum,
    BedNum,
    AdmissionDiagnosis,
    DischargeDiagnosis,
    HospitalizationStatus,
    CreateTime,
    DischargeSummary,
    HospitalizationNotes
    )
   VALUES
    (100506,
    1287,
    019,
    44208,
    str_to_date('20250913','%Y%m%d'),
    7,
    str_to_date('20250920','%Y%m%d'),
    str_to_date('20250920','%Y%m%d'),
    'A14',
    'B03',
    'C29',
    '焦慮情緒',
    '情緒穩定，持續追蹤',
    '已出院',
    str_to_date('20250912','%Y%m%d'),
    '建議心理諮詢',
    '注意壓力管理與睡眠品質'
    );


    INSERT INTO hospitalizationrecords(
    HospitalizationID,
    AppointmentID,
    DepartmentID,
    StaffID,
    AdmissionDate,
    LengthOfStay,
    ExpectedDischargeDate,
    ActualDischargeDate,
    WardArea,
    RoomNum,
    BedNum,
    AdmissionDiagnosis,
    DischargeDiagnosis,
    HospitalizationStatus,
    CreateTime,
    DischargeSummary,
    HospitalizationNotes
    )
    VALUES
    (100507,
    1321,
    021,
    45360,
    str_to_date('20250915','%Y%m%d'),
    3,
    str_to_date('20250915','%Y%m%d'),
    str_to_date('20250918','%Y%m%d'),
    'A06',
    'B22',
    'C06',
    '產前檢查',
    '檢查正常，無併發症',
    '已出院',
    str_to_date('20250914','%Y%m%d'),
    '建議定期產檢',
    '注意營養與胎動觀察'
    );


    INSERT INTO hospitalizationrecords(
    HospitalizationID,
    AppointmentID,
    DepartmentID,
    StaffID,
    AdmissionDate,
    LengthOfStay,
    ExpectedDischargeDate,
    ActualDischargeDate,
    WardArea,
    RoomNum,
    BedNum,
    AdmissionDiagnosis,
    DischargeDiagnosis,
    HospitalizationStatus,
    CreateTime,
    DischargeSummary,
    HospitalizationNotes
    )
    VALUES
    (100508,
    1354,
    024,
    46512,
    str_to_date('20250917','%Y%m%d'),
    5,
    str_to_date('20250922','%Y%m%d'),
    str_to_date('20250922','%Y%m%d'),
    'A17',
    'B09',
    'C10',
    '月經不規則',
    '荷爾蒙調整後穩定',
    '已出院',
    str_to_date('20250916','%Y%m%d'),
    '建議婦科門診追蹤',
    '注意作息與壓力'
    );


    INSERT INTO hospitalizationrecords(
    HospitalizationID,
    AppointmentID,
    DepartmentID,
    StaffID,
    AdmissionDate,
    LengthOfStay,
    ExpectedDischargeDate,
    ActualDischargeDate,
    WardArea,
    RoomNum,
    BedNum,
    AdmissionDiagnosis,
    DischargeDiagnosis,
    HospitalizationStatus,
    CreateTime,
    DischargeSummary,
    HospitalizationNotes
    )
     VALUES
    (100509,
    1389,
    029,
    47663,
    str_to_date('20250919','%Y%m%d'),
    6,
    str_to_date('20250925','%Y%m%d'),
    str_to_date('20250925','%Y%m%d'),
    'A01',
    'B14',
    'C25',
    '關節疼痛',
    '關節炎控制穩定',
    '已出院',
    str_to_date('20250918','%Y%m%d'),
    '建議復健治療',
    '注意關節活動與保暖'
    );


INSERT INTO hospitalizationrecords(
    HospitalizationID,
    AppointmentID,
    DepartmentID,
    StaffID,
    AdmissionDate,
    LengthOfStay,
    ExpectedDischargeDate,
    ActualDischargeDate,
    WardArea,
    RoomNum,
    BedNum,
    AdmissionDiagnosis,
    DischargeDiagnosis,
    HospitalizationStatus,
    CreateTime,
    DischargeSummary,
    HospitalizationNotes
    )
   VALUES
    (100510,
    1423,
    031,
    48703,
    str_to_date('20250921','%Y%m%d'),
    4,
    str_to_date('20250925','%Y%m%d'),
    str_to_date('20250925','%Y%m%d'),
    'A11',
    'B06',
    'C30',
    '胃食道逆流',
    '症狀改善，持續服藥',
    '已出院',
    str_to_date('20250920','%Y%m%d'),
    '飲食需調整',
    '建議避免刺激性食物'
    );


    INSERT INTO hospitalizationrecords(
    HospitalizationID,
    AppointmentID,
    DepartmentID,
    StaffID,
    AdmissionDate,
    LengthOfStay,
    ExpectedDischargeDate,
    ActualDischargeDate,
    WardArea,
    RoomNum,
    BedNum,
    AdmissionDiagnosis,
    DischargeDiagnosis,
    HospitalizationStatus,
    CreateTime,
    DischargeSummary,
    HospitalizationNotes
    )
  VALUES
    (100511,
    1456,
    033,
    49854,
    str_to_date('20250923','%Y%m%d'),
    5,
    str_to_date('20250928','%Y%m%d'),
    str_to_date('20250928','%Y%m%d'),
    'A08',
    'B17',
    'C04',
    '腎功能檢查',
    '腎功能穩定，門診追蹤',
    '已出院',
    str_to_date('20250922','%Y%m%d'),
    '建議定期抽血檢查',
    '注意水分攝取與藥物使用'
    );


INSERT INTO hospitalizationrecords(
    HospitalizationID,
    AppointmentID,
    DepartmentID,
    StaffID,
    AdmissionDate,
    LengthOfStay,
    ExpectedDischargeDate,
    ActualDischargeDate,
    WardArea,
    RoomNum,
    BedNum,
    AdmissionDiagnosis,
    DischargeDiagnosis,
    HospitalizationStatus,
    CreateTime,
    DischargeSummary,
    HospitalizationNotes
    )
  VALUES
    (100512,
    1490,
    036,
    52205,
    str_to_date('20250925','%Y%m%d'),
    3,
    str_to_date('20250928','%Y%m%d'),
    str_to_date('20250928','%Y%m%d'),
    'A13',
    'B20',
    'C12',
    '頻尿',
    '泌尿道感染痊癒',
    '已出院',
    str_to_date('20250924','%Y%m%d'),
    '無需住院追蹤',
    '建議多喝水與注意衛生'
    );


INSERT INTO hospitalizationrecords(
    HospitalizationID,
    AppointmentID,
    DepartmentID,
    StaffID,
    AdmissionDate,
    LengthOfStay,
    ExpectedDischargeDate,
    ActualDischargeDate,
    WardArea,
    RoomNum,
    BedNum,
    AdmissionDiagnosis,
    DischargeDiagnosis,
    HospitalizationStatus,
    CreateTime,
    DischargeSummary,
    HospitalizationNotes
    )
  VALUES
    (100513,
    1524,
    038,
    53357,
    str_to_date('20250927','%Y%m%d'),
    6,
    str_to_date('20251003','%Y%m%d'),
    str_to_date('20251003','%Y%m%d'),
    'A04',
    'B01',
    'C16',
    '呼吸困難',
    '輕度氣喘控制良好',
    '已出院',
  str_to_date('20250926','%Y%m%d'),
    '建議使用吸入劑',
    '注意過敏源與空氣品質'
    );


    INSERT INTO hospitalizationrecords(
    HospitalizationID,
    AppointmentID,
    DepartmentID,
    StaffID,
    AdmissionDate,
    LengthOfStay,
    ExpectedDischargeDate,
    ActualDischargeDate,
    WardArea,
    RoomNum,
    BedNum,
    AdmissionDiagnosis,
    DischargeDiagnosis,
    HospitalizationStatus,
    CreateTime,
    DischargeSummary,
    HospitalizationNotes
    )
  VALUES
    (100514,
    1591,
    040,
    54509,
    str_to_date('20250929','%Y%m%d'),
    5,
    str_to_date('20251004','%Y%m%d'),
    str_to_date('20251004','%Y%m%d'),
    'A16',
    'B13',
    'C08',
    '疑似感染',
    '細菌感染已控制',
    '已出院',
    str_to_date('20250928','%Y%m%d'),
    '建議門診追蹤',
    '注意體溫與服藥紀律'
    );


    INSERT INTO hospitalizationrecords(
    HospitalizationID,
    AppointmentID,
    DepartmentID,
    StaffID,
    AdmissionDate,
    LengthOfStay,
    ExpectedDischargeDate,
    ActualDischargeDate,
    WardArea,
    RoomNum,
    BedNum,
    AdmissionDiagnosis,
    DischargeDiagnosis,
    HospitalizationStatus,
    CreateTime,
    DischargeSummary,
    HospitalizationNotes
    )
  VALUES
    (100515,
    1692,
    043,
    55660,
    str_to_date('20251001','%Y%m%d'),
    4,
    str_to_date('20251005','%Y%m%d'),
    str_to_date('20251005','%Y%m%d'),
    'A10',
    'B07',
    'C20',
    '病理報告諮詢',
    '結果已說明，無需住院',
    '已出院',
   str_to_date('20250930','%Y%m%d'),
    '建議門診報告解釋',
    '注意後續檢查安排'
    );


    





































    






































































































































    













